{
  "capturedAt": "20260309T192532",
  "rowRule": "top-edge",
  "rectangles": [
    {
      "sourceName": "PiP Capture",
      "sceneItemId": 4,
      "alignment": 5,
      "left": 0.0,
      "top": -95.0,
      "right": 3840.0,
      "bottom": 2165.0,
      "width": 3840.0,
      "height": 2260.0
    },
    {
      "sourceName": "Aux2",
      "sceneItemId": 8,
      "alignment": 5,
      "left": 20.0,
      "top": 1421.0,
      "right": 1221.2498779296875,
      "bottom": 2126.0,
      "width": 1201.2498779296875,
      "height": 705.0
    },
    {
      "sourceName": "Aux3LR_1773018462",
      "sceneItemId": 13,
      "alignment": 5,
      "left": 2099.0,
      "top": 1421.0,
      "right": 3300.2498779296875,
      "bottom": 2126.0,
      "width": 1201.2498779296875,
      "height": 705.0
    },
    {
      "sourceName": "Aux4Center_1773019268",
      "sceneItemId": 14,
      "alignment": 5,
      "left": 1319.5,
      "top": 1421.0,
      "right": 2520.7498779296875,
      "bottom": 2137.885498046875,
      "width": 1201.2498779296875,
      "height": 716.885498046875
    }
  ]
}
