{
  "direct_ms": {
    "p50": 0.34741700801532716,
    "p95": 0.4247920005582273,
    "p99": 0.5288749962346628
  },
  "proxy_minus_direct_ms": {
    "p50": 1.075,
    "p95": 1.588,
    "p99": 2.027
  },
  "proxy_ms": {
    "p50": 1.4223750040400773,
    "p95": 2.012791999732144,
    "p99": 2.556082996306941
  },
  "sample_size": 20
}
