{
  "direct_ms": {
    "p50": 0.25725000887177885,
    "p95": 0.4352920223027468,
    "p99": 0.48233300913125277
  },
  "proxy_minus_direct_ms": {
    "p50": 0.797,
    "p95": 0.903,
    "p99": 0.904
  },
  "proxy_ms": {
    "p50": 1.0541669907979667,
    "p95": 1.3383750047069043,
    "p99": 1.386707997880876
  },
  "sample_size": 20
}
