{
  "direct_ms": {
    "p50": 0.2691249828785658,
    "p95": 0.31754199881106615,
    "p99": 0.3593339934013784
  },
  "proxy_minus_direct_ms": {
    "p50": 0.848,
    "p95": 1.117,
    "p99": 1.165
  },
  "proxy_ms": {
    "p50": 1.1170830111950636,
    "p95": 1.4349999837577343,
    "p99": 1.5245839895214885
  },
  "sample_size": 20
}
