{
  "direct_ms": {
    "p50": 0.2767500118352473,
    "p95": 0.38133299676701427,
    "p99": 0.41474998579360545
  },
  "proxy_minus_direct_ms": {
    "p50": 0.883,
    "p95": 1.0,
    "p99": 1.291
  },
  "proxy_ms": {
    "p50": 1.159709005150944,
    "p95": 1.380834000883624,
    "p99": 1.705915987258777
  },
  "sample_size": 20
}
