{
  "direct_ms": {
    "p50": 0.25704200379550457,
    "p95": 0.3615000023273751,
    "p99": 0.3794999938691035
  },
  "proxy_minus_direct_ms": {
    "p50": 0.934,
    "p95": 1.165,
    "p99": 1.201
  },
  "proxy_ms": {
    "p50": 1.1907500011147931,
    "p95": 1.5269590076059103,
    "p99": 1.5808329917490482
  },
  "sample_size": 20
}
