{
  "direct_ms": {
    "p50": 0.2372909802943468,
    "p95": 0.32754201674833894,
    "p99": 0.346042012097314
  },
  "proxy_minus_direct_ms": {
    "p50": 0.822,
    "p95": 1.165,
    "p99": 1.714
  },
  "proxy_ms": {
    "p50": 1.0592500038910657,
    "p95": 1.4922079863026738,
    "p99": 2.0597080001607537
  },
  "sample_size": 20
}
