{
  "direct_ms": {
    "p50": 0.23874998441897333,
    "p95": 0.3256250056438148,
    "p99": 0.35933300387114286
  },
  "proxy_minus_direct_ms": {
    "p50": 0.953,
    "p95": 1.11,
    "p99": 1.244
  },
  "proxy_ms": {
    "p50": 1.1913340131286532,
    "p95": 1.4359589840751141,
    "p99": 1.6032500134315342
  },
  "sample_size": 20
}
